doc_id,provider,document_family,period_or_date,period_status,media_type,extension,pages,text_layer,pdf_encrypted,width_px,height_px,content_sha256,natural_key_hash,byte_duplicate_copies,semantic_duplicate_candidate
BCA-0001,BCA,bca_monthly_statement_v1,2025-01,CLOSED,pdf,.pdf,4,True,True,,,60b1dbda41cf92092e0e3fea3c6dace76b6dbd6f3dcb76f7f1be4de652b5713b,85e02d957e72a7fa548f4d4cf36cc503be79308418321fc34c00fa59f93f9b69,1,False
BCA-0002,BCA,bca_monthly_statement_v1,2025-02,CLOSED,pdf,.pdf,9,True,True,,,e9ad3264b64a5cc119a849eed3b9c3dd87b216fb7655cec76f2e78038a2a3d21,df73483481163d102274615eff98cfd71c3a5363c40cdd6aa6a001b402bf6358,1,False
BCA-0003,BCA,bca_monthly_statement_v1,2025-03,CLOSED,pdf,.pdf,7,True,True,,,2a359e9738ae5cf21930cacdef08b606d245705c6499be7013948cb887b59153,2670b1e641c6e3d1bf0f1cae4173a82f39860c677e202057d3d47b41ba9756b8,1,False
BCA-0004,BCA,bca_monthly_statement_v1,2025-04,CLOSED,pdf,.pdf,7,True,True,,,55da2af70e31ad869129a596e8ec7e5a648c3227315ca9ef2c9fd9e0bef0bb1e,002acc4678ec5ebdd359a6aed3382a1a5620d3b5b25aa3d6c9cc6e15c496dfd1,1,False
BCA-0005,BCA,bca_monthly_statement_v1,2025-05,CLOSED,pdf,.pdf,9,True,True,,,192e5eb36ddd2787af0c4874da703392521b9f61d6a28f506430d240c6897e9f,2cc37b1eca5b357594b78a4bfe6efa87b117ca8d775a05ee28c09e568c10dcc3,1,False
BCA-0006,BCA,bca_monthly_statement_v1,2025-06,CLOSED,pdf,.pdf,8,True,True,,,0ae7403a74025261763da4fca7ae840a0f5e677feb31dc0f3b5ca4d46a95f9c7,72724bc875c117fe602a7edc9e46140032f45d53bd9ed0456b386c6ff29ece0e,1,False
BCA-0007,BCA,bca_monthly_statement_v1,2025-07,CLOSED,pdf,.pdf,8,True,True,,,c074b89ca74c767b2be43e381b473ede39c3cd39cc2c1894c464d84910e69885,dcf41f4c91475f9e5c9a0d453df24252bdd87582d4220453ee2c84aa33211710,1,False
BCA-0008,BCA,bca_monthly_statement_v1,2025-08,CLOSED,pdf,.pdf,9,True,True,,,ab98e912290451e0972230611f7905c3696639c7bf46419d9928527631ff3ab7,b928a53a0e3e11c21158883ae5ed97ac59afc0e8f4bffd4a418291d1a1424325,1,False
BCA-0009,BCA,bca_monthly_statement_v1,2025-09,CLOSED,pdf,.pdf,10,True,True,,,24d8a3d0f483bff36f9ecd4e499081069d5da9ba0375c778def080ed20934e7d,5fa9bd10ffc12c1cfa05ee63a7d74f4a9d04a4502dad58e13ae31b44709c52c2,1,False
BCA-0010,BCA,bca_monthly_statement_v1,2025-10,CLOSED,pdf,.pdf,12,True,True,,,f985e1ff8761cf4c77bf0ef74e9d9a0bd6b2bbec8bbfe39bc0dbd7437dd4138d,242d41ee0d76a400d5670728f9c778ddb1e0f1f5f14d7ab968d5cb044a1eb9ff,1,False
BCA-0011,BCA,bca_monthly_statement_v1,2025-11,CLOSED,pdf,.pdf,8,True,True,,,4a36d62fd98a674d68679d1bbe8342eff65dc41df841c2ce809deeaef98b3b7d,a43d34a392a5712f84c44cb42cb832d427236e207e7c394177ae4536e0bf81d6,1,False
BCA-0012,BCA,bca_monthly_statement_v1,2025-12,CLOSED,pdf,.pdf,10,True,True,,,0a130f0b9b3f2a3fda023aa5f390ce30aca18cf1f993b63dfaa9bb513d348239,a907daabb1fbd7275c1ccb6a8b70749e040d801999242804f138c8c516358440,1,False
BCA-0013,BCA,bca_monthly_statement_v1,2026-01,CLOSED,pdf,.pdf,13,True,True,,,d79f9f55ce02e64b93df05a9c0332e7432faef105f638f05e0eb4ba8c1fd9d11,660b5a0b87be29bf248ae3e40618a9ab82635f0df02c5f6d20737ca7860a3e16,1,False
BCA-0014,BCA,bca_monthly_statement_v1,2026-02,CLOSED,pdf,.pdf,13,True,True,,,3e7452d4df132293f6628d3e5b7852aa7212f69a283057df2e80e3fed47d2c75,082904b09f2de5c73085af8c2b27d3f940bbacde5618cd3f376eeebf974b27a6,1,False
BCA-0015,BCA,bca_monthly_statement_v1,2026-03,CLOSED,pdf,.pdf,14,True,True,,,2e6b53f1c82669571c15bf7f790ad97d54007b1d55b6eae2d2fdc4d49a02603d,8e9f9aa5afddcb269c33b76f62b509072e1ff0e679da73e07f06453690797fc6,1,False
BCA-0016,BCA,bca_monthly_statement_v1,2026-04,CLOSED,pdf,.pdf,13,True,True,,,048153a8ccf46b62425339b1ad81619de0cd9bed51bc74297c66d70a75d49d0f,37a071f04e24feabbdf9170a659ef1bfe1c957faddbb86abfe8db8d6272be482,1,False
BCA-0017,BCA,bca_monthly_statement_v1,2026-05,CLOSED,pdf,.pdf,23,True,True,,,fd3b62cf834636aaa741ad7942532d249a871f1e53afa2ac5abd61aef7f54b53,54048bacdb427cfeb6187e0a08507acffe28f00b5cbcc1561e6d5cf456223a14,1,False
BCA-0018,BCA,bca_monthly_statement_v1,2026-06,CLOSED,pdf,.pdf,15,True,True,,,f93eab883361493b30d6d1b34965c39c89857bb55518cf3a0f18d3a97a07a1bb,5be4ab38a72d52c26d69a84c821af160fb3520a66af31bd525034b33b60b0f50,1,False
BCA-0019,BCA,bca_monthly_statement_v1,2026-07,CLOSED,pdf,.pdf,18,True,True,,,7f30070c2b045e52e7c54dc595c3929b0dfc10789b37c8fb19ced8ed728b939b,5ee894bd101e72f5b4d46098f0d707eeaba97ff4fbf4c41b360fe6d2f2a6ef77,1,False
GOP-0001,GoPay,gopay_estatement_v1,2026-01,CLOSED,pdf,.pdf,1,True,False,,,5c63df3ead134ad1fbe189d8d587db67c0631b43f85018d39744c313f577d1de,9ecfae8d23401c9eb79c51e5cdcb1c11b6ffa4117a473a099099a1bc5b16b4c3,1,False
GOP-0002,GoPay,gopay_estatement_v1,2026-02,CLOSED,pdf,.pdf,1,True,False,,,0cfabcdb00a886c7d866a6aca1fb67f18dd0e3f4314a1a966d512757c2966361,f66e4737998943c643fe96a306494918bf130cd784c4922ec1a5c90c395b2b49,1,False
GOP-0003,GoPay,gopay_estatement_v1,2026-03,CLOSED,pdf,.pdf,1,True,False,,,27e9df021fca88183bf739097e78198235bac1883ca3aa00560a487255a70d4b,ac5bef834d8d36138ae3a3104500963f8cd198c8c659f5d387814483ff181918,1,False
GOP-0004,GoPay,gopay_estatement_v1,2026-04,CLOSED,pdf,.pdf,1,True,False,,,a801b2f58ae5d0ec2bfa8e656e2bfedb33cdb53d1b268268f6fbea2b45571b5a,e46b76797d900b31e51b71409b82ccdaed2fc0c9892043626ce8a106df915b3b,1,False
GOP-0005,GoPay,gopay_estatement_v1,2026-05,CLOSED,pdf,.pdf,1,True,False,,,ed60b1891726b3b8b99fcdb78af1125a9e8bf8fd1d032db48965537198882d3b,bb6c957f1acb3ebf25d4afc34051b8f534b00f50cff545ebfc7e9f4c403d90eb,1,False
GOP-0006,GoPay,gopay_estatement_v1,2026-06,CLOSED,pdf,.pdf,1,True,False,,,654eb4196f49cac7cc4e63cbc9a16156f432b94acab97ba0984cba000d8b269f,9b5acc50d4e5c6a3edfc0a94c5ca2ba731674413bdad3b41c552ec6022b55735,1,False
GOP-0007,GoPay,gopay_estatement_v1,2026-07,CLOSED,pdf,.pdf,1,True,False,,,6e5126419a5979db1576b7f1dfa71b001fbbbb46cd072c1fe1a373703d8c1678,b9b79d70d3e24f02e176a35f2be8cd657f8d00372474f3af160a4c36097aee4c,1,False
JAG-0001,Jago,jago_monthly_statement_v1,2025-10,CLOSED,pdf,.pdf,3,True,False,,,4b83c75f2c1ad791d24ecf18b6ec8801b38de699054b727fccbb37b4c5cb5333,da1793c7a8079be41469170a65d6f5076dce44c8581c46b225d66f052257ef9f,1,False
JAG-0002,Jago,jago_monthly_statement_v1,2025-11,CLOSED,pdf,.pdf,4,True,False,,,6d7908324c50b312d9bba8544e05645759442a17ce5ccb740cd74117fa241c70,945b2cf7859554cd3824239dfd64384daa36410448fb6ea3d44a0dfd4035ec07,1,False
JAG-0003,Jago,jago_monthly_statement_v1,2025-12,CLOSED,pdf,.pdf,3,True,False,,,912bf176cfae2a1e40344e08616c899707bf4bb50523313a9fabff7d067820b5,b9d3fcb2c9d084481589b1e578669e94ebd9b851f175a3b2c997118a5d734ae2,1,False
JAG-0004,Jago,jago_monthly_statement_v1,2026-01,CLOSED,pdf,.pdf,4,True,False,,,5226b295dbf668ce5253c093191beb5ee3b2134dd07cefc9ab560f241fe8f51e,031ac69e64b1e0bcc3ce04e3d6d69683131db8688246c9d96762ff410331b2cf,1,False
JAG-0005,Jago,jago_monthly_statement_v1,2026-02,CLOSED,pdf,.pdf,4,True,False,,,11847721445e8eec5a0f0bd141e4156a395bd3a2be91c2d1d0e88f7b0f1646c8,3e8ada55c2c2c455ec0b6867ae15f8fdde3bc8dab75edbbbae3413cde5c5b380,1,False
JAG-0006,Jago,jago_monthly_statement_v1,2026-03,CLOSED,pdf,.pdf,4,True,False,,,2a1dc1ee361ae45ae1302dc6a1924011737d10b56ac0b51179850ceed19c3d6c,ab3fadc59e55ca058b08a6a671cb5775fa1ea27edb3fb436c8c176a066071452,1,False
JAG-0007,Jago,jago_monthly_statement_v1,2026-04,CLOSED,pdf,.pdf,5,True,False,,,7115d627d3aac120a6aa2beebe590a66fc5f391f45315109f9e21ccada289ebd,f0abe1d5564815bcdf459292d10b1439072b053dca38e578d3e815ac280ceb04,1,True
JAG-0008,Jago,jago_monthly_statement_v1,2026-04,CLOSED,pdf,.pdf,5,True,False,,,9bf1fc180b4e468e37f89c487c142b0ef558e7d8332e57d7938b90df8aaf9e67,f0abe1d5564815bcdf459292d10b1439072b053dca38e578d3e815ac280ceb04,1,True
JAG-0009,Jago,jago_monthly_statement_v1,2026-05,CLOSED,pdf,.pdf,6,True,False,,,27fb01161c1688fef005be79c346dab328d1e248b0f6534afc81992f73902858,b8e078f2ec06ff660707ced6c1ce195feb3c65f373eec92fcd54de70d4084f1e,1,False
JAG-0010,Jago,jago_monthly_statement_v1,2026-06,CLOSED,pdf,.pdf,3,True,False,,,d30a5ee0decc96e62f6f4af6d5dc6c51bd6377c4ecdaf09be3508900c963cb11,1390ec84380fae1727b1ea52edb2696dfeb51935027ce6e9d9abc4903fe5521c,1,False
JAG-0011,Jago,jago_monthly_statement_v1,2026-07,CLOSED,pdf,.pdf,3,True,False,,,cdf9545f79c58560f5b0775ebf432cef525cea97d3c850c49b45e22e57277f36,103c0b90f4989b3ac2a0ac765a69a24f66e504277b57c02f97014dbd88ed468a,1,False
SEA-0001,SeaBank,seabank_estatement_v1,2025-01,CLOSED,pdf,.pdf,4,True,False,,,e555b0ece0b4e6d83ababed79174f0d7671058a411217abcd11848bd80c96dea,e56111ed7487baee7150057acc75ebd98a0cc9cf96478e2a496e1ad99994a7bf,1,False
SEA-0002,SeaBank,seabank_estatement_v1,2025-02,CLOSED,pdf,.pdf,4,True,False,,,929bf192f6c3c8d3636ae0f48623190353a585bf557c6a34b3f9c89996d4eae2,9de7eeefcf2cd57d55b426837fe481c71614c0cc315285f31199dba7aa202cb6,1,False
SEA-0003,SeaBank,seabank_estatement_v1,2025-03,CLOSED,pdf,.pdf,6,True,False,,,05316d360224453def1a1e7622cbaef0eecfa6375c5a9c337cd6fabf3cd5eecf,edbdfcb2eccc48c51c7aa0858001cb6eccf430f3c5a3b20713d67d32d480e15d,1,False
SEA-0004,SeaBank,seabank_estatement_v1,2025-04,CLOSED,pdf,.pdf,2,True,False,,,92a8ec869d00401992ad323b73085f1218c6a41b3d86cffd2569646ab329d690,ce6eeef9af79a08294bff97bc26cd4a94eb0fb49a8d11744d1bacc735db2236b,1,False
SEA-0005,SeaBank,seabank_estatement_v1,2025-05,CLOSED,pdf,.pdf,2,True,False,,,61aafd95367dccfc15e5e7ee3e7019331f3946fa257d91f148ec2f74c831f107,da67d3e91d2419a4a1eaa7a30dc6a958fad7c083ab502f60ad5c4c9c2f9e091d,1,False
SEA-0006,SeaBank,seabank_estatement_v1,2025-06,CLOSED,pdf,.pdf,2,True,False,,,00acb460fa76c4d32c81029a7d6aeeabe905403dd8962f0b1e247af6a5ec0ca1,7a8f635394e3b791e9be35b9d8a3d9b5f6bb18797257e5063196bd32e81a20ec,1,False
SEA-0007,SeaBank,seabank_estatement_v1,2025-07,CLOSED,pdf,.pdf,2,True,False,,,85962681d0741081a278a7c7c7c05e240e7ab51971511f6a4270e0a0f07ed440,5bfe256ec7992061d49eb2d01540ac27e5e2cf24c311f26cd42d05a3acbf8a27,1,False
SEA-0008,SeaBank,seabank_estatement_v1,2025-08,CLOSED,pdf,.pdf,2,True,False,,,a06dfbdda69011de62c05204f90299e2bb948bfd578d499408c15f887aee47fa,78bf1c6d8edc06a5f203079b5a5d0ece24f2cbb93300017cc97a5e70cdc8c486,1,False
SEA-0009,SeaBank,seabank_estatement_v1,2025-09,CLOSED,pdf,.pdf,2,True,False,,,65fa0857f570ab84fb2407b82377ac470aa5789491ea6b653a78a1fabe8ab38e,198ec2c80651c381d9aca53cbf2c0e5ff9f440bc25664b7d7b3c120a76bc3896,1,False
SEA-0010,SeaBank,seabank_estatement_v1,2025-10,CLOSED,pdf,.pdf,2,True,False,,,0847756aaf25819da61869b04ea2bdff309c048a91cd902623eec302dbe9f97e,06888a53f2ea2233bb61a32294ded894ba719ada59a1dbb03fdc81a00e0ff3f4,1,False
SEA-0011,SeaBank,seabank_estatement_v1,2025-11,CLOSED,pdf,.pdf,1,True,False,,,6114b8df6250ba9d93f1282d8c97f708b7afa527e72c071894930af4e5bad5ca,2ddc6901852005efcdca096d0c8f7f9afdc13250637115ff4b02ed21a73ab300,1,False
SEA-0012,SeaBank,seabank_estatement_v1,2025-12,CLOSED,pdf,.pdf,1,True,False,,,e86943cdf6f05ff7f6aaa44902b52610cfe4dd711df9fa1806e3254e1ea446f6,27c2a73ddf19fe0a4c2b7894f92e2fa4129e187075e9dfb72280ddf9b49f75a0,1,False
SEA-0013,SeaBank,seabank_estatement_v1,2026-01,CLOSED,pdf,.pdf,1,True,False,,,2c7fee68d222b3807589a450871de335d357d3c4ceeb7ab3c2e970d7056c16f6,c0f50cb36fddaa6fdcd49f668180c8629574f0c94b24ed9b458e097366e7d37b,1,False
SEA-0014,SeaBank,seabank_estatement_v1,2026-02,CLOSED,pdf,.pdf,1,True,False,,,e932949d0493c544d6063b52c0a034340c4895e1176b55e58542cc8cc41a9771,2705030c735d46e205e8f5296a8acac646e9215ff4ed68cf384321a759dbf842,1,False
SEA-0015,SeaBank,seabank_estatement_v1,2026-03,CLOSED,pdf,.pdf,1,True,False,,,a462304832d89cddc500dae68dba3f8d2d493582b61b5da7bf381d0e922f07ee,36f13e079bbb8d7256ddb06afef13464a436eb832fbd07a099473448c5f398f9,1,False
SEA-0016,SeaBank,seabank_estatement_v1,2026-04,CLOSED,pdf,.pdf,1,True,False,,,0b92fa2364d5eaf16eccf108071f4af9475323333d7db09a90e92fcf70e6c2e3,4c74792cfecb8eb07c0cd3fba4fd057248cd84ab3dcc061a99d23149345dda51,1,False
SEA-0017,SeaBank,seabank_estatement_v1,2026-05,CLOSED,pdf,.pdf,1,True,False,,,44bdbdcaaab5111da929a70662e564dcdbd00f89d2781aabd2c99bf8e700f382,45774da3caf44cd636392c65a697afdab63ff333ef4fcfba7de782120c5979a4,1,False
SEA-0018,SeaBank,seabank_estatement_v1,2026-06,CLOSED,pdf,.pdf,1,True,False,,,70cdf40ffe4b2e640c8bf4f0b20c83757410a6ea69e37dce49477a429b5b579c,d6ecc29767a7374bd6fb4650bb92bc0f07975ef87a452a47d9ff1efe02fdffd6,1,False
SEA-0019,SeaBank,seabank_estatement_v1,2026-07,CLOSED,pdf,.pdf,1,True,False,,,120d0edd8114d57ed97333369b12a99413e6c27104f697289e7416da86deb5ef,2b19fb8941bc0bc185d5d575a19ecc9d8834d36aae0965f57b4bdffa752c972f,1,False
SHP-0001,Shopee Orders,shopee_order_receipt_v1,2024-12-12,CLOSED,pdf,.pdf,1,True,False,,,519262f1d89b36bf16e65faf0dda1cd94b34e7f7200ceab256e0a44374072d2b,2a022ef2c4fdc496e636e419e88b474e8c1dc8bedc4eeda7e4bce968344f06ad,1,False
SHP-0002,Shopee Orders,shopee_order_receipt_v1,2025-01-03,CLOSED,pdf,.pdf,1,True,False,,,d30cf2019837d3f54381e9878b9869d7155c4c3c8974366e97409fe1bae3ebfb,4bd861169cd6d7ef346f18f4796a61e9727fa7f57514ff9bc2a05520e10570d9,1,False
SHP-0003,Shopee Orders,shopee_order_receipt_v1,2025-01-10,CLOSED,pdf,.pdf,1,True,False,,,5cbaa67c1a54cfcc7512d8c305c082ff92e4b56ce51ad30b6326be23a67bcc1e,fc54ffbab85dd18f4bfb4664f2a65a11a353c4eb4c24ed5fa88b47e98bc7abce,1,False
SHP-0004,Shopee Orders,shopee_order_receipt_v1,2025-01-10,CLOSED,pdf,.pdf,1,True,False,,,f76c2b8cb3fe0ffa1c77352532352c817c5bc2a696eae5308ccd5a9f667e25ff,e735d51b9248eabf8322bb7fe9eb91678fb78531b5a42bad4467a2e5c6d2826d,1,False
SHP-0005,Shopee Orders,shopee_order_receipt_v1,2025-01-12,CLOSED,pdf,.pdf,1,True,False,,,06af52aef31ffba8d7da4cc70c541fb2cd4a0cec6154dcde86ead877a1862916,b71900bee19a34ca62eca489b5c01ee6172408cc1aa6a1b8c1351d097b278092,1,False
SHP-0006,Shopee Orders,shopee_order_receipt_v1,2025-01-16,CLOSED,pdf,.pdf,1,True,False,,,5dab022060c4bdec180d1436ad80567774d5a94385ce0d3021a9db1fe803ed2a,cae1033aced28e3636cad862fff76d88a449d0b124c57dc10d9e1647a0c1d8d0,1,False
SHP-0007,Shopee Orders,shopee_order_receipt_v1,2025-01-16,CLOSED,pdf,.pdf,1,True,False,,,b2eb8cbdf95d4e30af749e50858d7501d81851dc4ac81bad9c645b74ce5731e7,a65855452401df0a9b19f48bf775c016ca95468f1d9e4be6fa5b2c5ccb37058a,1,False
SHP-0008,Shopee Orders,shopee_order_receipt_v1,2025-01-20,CLOSED,pdf,.pdf,1,True,False,,,cef46d67507fbd702c5f0f3c8dd3fa0c055a3a29329f87087ccf875d7800c5b5,00e22c7ed4bcce821cedfa7529c9f7d592f0b0ff9bd6ebd95dffb4d407a9f78b,1,False
SHP-0009,Shopee Orders,shopee_order_receipt_v1,2025-02-15,CLOSED,pdf,.pdf,1,True,False,,,5c4ca33e35ffc376286cdf3d6d3ab09bc7318253395d139e873ad06d58ad5e50,b48b6491ec3a43db0934bf37cc4b9ab97cb253a889f9791bf436930defb0bd22,1,False
SHP-0010,Shopee Orders,shopee_order_receipt_v1,2025-02-15,CLOSED,pdf,.pdf,1,True,False,,,dfb14aa599d173147abfaa44e73ff52fabf85d1c6b49819419bd63f7696fc662,598dbb75fd5def006bbc80b4b488d258c7b6b7ae0c672464d0bc2fea18e7f3ff,1,False
SHP-0011,Shopee Orders,shopee_order_receipt_v1,2025-02-28,CLOSED,pdf,.pdf,1,True,False,,,a6949c45beedbc7d31b8a861efc35e789f7c136b9aa51be1080edb4de54fedee,714bcc86f59d1ec5b5978adfc7ad2e365faebf2f8ee62ce1b150a3af34bd0c77,1,False
SHP-0012,Shopee Orders,shopee_order_receipt_v1,2025-02-28,CLOSED,pdf,.pdf,1,True,False,,,ba12e4c5834f5c32a45aeed526f3f0f4957682718940b26666c528c1b3676319,f282866217222d0c846579b903fa20ad1f4e1044dfe05c13b34123c79099fb28,1,False
SHP-0013,Shopee Orders,shopee_order_receipt_v1,2025-03-03,CLOSED,pdf,.pdf,1,True,False,,,befa7beb18cfee219c922da6f90e5a406fbed31cbe6ef4d9878c1d597b811a86,eb5624320d98db56d0fa95e7aed2afce0ad29c6dabcc0728c5bc3b17c9189202,1,False
SHP-0014,Shopee Orders,shopee_order_receipt_v1,2025-03-04,CLOSED,pdf,.pdf,1,True,False,,,29860b0ea11a3a584bb42f760515ce6157c68dcff8a206bb7a956338a3bac34f,aea9d6f8ff9ce9b61cdcbd3864ed760eecf378693308861fce7f6c81b8e9829f,1,False
SHP-0015,Shopee Orders,shopee_order_receipt_v1,2025-03-04,CLOSED,pdf,.pdf,1,True,False,,,5e827653b518e19ce65533f777de34ed3977396974cc8032986b3bfcb50e3821,fb92c52340d494eb619915c7297eeb8f4dc05a3b19179a0d9a4964d9d9bcd88a,1,False
SHP-0016,Shopee Orders,shopee_order_receipt_v1,2025-03-11,CLOSED,pdf,.pdf,1,True,False,,,5632d5e9170dd5f6b40301410e54e55ecbb368c8cd70ff991933014f8d32e768,4d13fbf8754332ac5f3d497d28d4860457df253d66114800adfed0d155ed8062,1,False
SHP-0017,Shopee Orders,shopee_order_receipt_v1,2025-03-14,CLOSED,pdf,.pdf,1,True,False,,,16d7e9435012c97bed7a3c17df28f5d2799397c5fe309627a137561addf7b089,3486bf9b63a41a2ccf85f4b2ea7a9287c27a24c2a4cb22afa71857ce2b58a0c7,1,False
SHP-0018,Shopee Orders,shopee_order_receipt_v1,2025-03-14,CLOSED,pdf,.pdf,1,True,False,,,ca9236b1d49f0798eb5472739d06d5b032d6cfacbba26c3a7bb958370e403f47,655aa6cfe867e3ea50537040e40487d128bea1a07888c990027f1a10fe495e5b,1,False
SHP-0019,Shopee Orders,shopee_order_receipt_v1,2025-03-14,CLOSED,pdf,.pdf,1,True,False,,,f9709c4c7e9535f3381f92f06a5792c2d32fcbace2e9a6152bfa07fbcacac802,1fbeb9067f962c27a46682ea01ad089a4dd40beb0699ee3c4bca66b07b1f1364,1,False
SHP-0020,Shopee Orders,shopee_order_receipt_v1,2025-03-18,CLOSED,pdf,.pdf,1,True,False,,,10a99edc34cf38ba19a07b2deaae6e0ab550fa28d20601548b8be815c20e168d,19c86897b60c114405fb1401e6ab3560df11e204a34986c4dae331431de7d615,1,False
SHP-0021,Shopee Orders,shopee_order_receipt_v1,2025-03-18,CLOSED,pdf,.pdf,1,True,False,,,15d6e3d0eb57c6ab7d07f673b95f7d2a6ebfa65ce4ba2b1cd90d6a6a9038b3ad,a59278593b675a297c07f56fc703040f0a57384f6155305261203d6e4dc80cbf,1,False
SHP-0022,Shopee Orders,shopee_order_receipt_v1,2025-03-18,CLOSED,pdf,.pdf,1,True,False,,,385eafc30f470177faa390c5303f49a52d5e6af92f30b80c26d93083c06dbc8b,2cebbea60660203ac9eb338bc62f0eb796e02309301f7aad28f5315cf26e6ebf,1,False
SHP-0023,Shopee Orders,shopee_order_receipt_v1,2025-03-18,CLOSED,pdf,.pdf,1,True,False,,,429828bb82bb9aa4294c4bebb6f64ae58dd16a909f9fa44e7406c4b8a10ef0cd,1f8f5b2c4de03dfeec6320a64bbc4d8f2f0b436537d877c7c858bd54394945e7,1,False
SHP-0024,Shopee Orders,shopee_order_receipt_v1,2025-03-18,CLOSED,pdf,.pdf,1,True,False,,,42cbaa2fb637ef47bcf0c44c20cf8324c23a1fa56c2ae8bdf5c3c8674608a853,b270f997925d42b4fe948f4fe9a70139a04c2a5ea3fa8c8ca85e11da13c251b9,1,False
SHP-0025,Shopee Orders,shopee_order_receipt_v1,2025-03-18,CLOSED,pdf,.pdf,1,True,False,,,4c9df7a0a5ea56d3edfe8b5b931d31884f6b923bcf5b0412eebf55d77cc57a28,e1794ce056012d13c0edf104b24e5a2b9895915ddb38f5a9080544eb5de56e29,1,False
SHP-0026,Shopee Orders,shopee_order_receipt_v1,2025-03-18,CLOSED,pdf,.pdf,1,True,False,,,52a0e2b3dd7213e1e0606c84fece5105158be8b57c54ce670b5fb3a829fad901,431218b9395e5f5c0e938123b2037c6f31acd12e060c17e27e5bd66a7722650a,1,False
SHP-0027,Shopee Orders,shopee_order_receipt_v1,2025-03-18,CLOSED,pdf,.pdf,1,True,False,,,555a246fd80577c1bcc307c5812c674fa6bc1b325ff253f4ad0b77b24102911e,fcf3c1e39348aa3e715f4f12ab808c52916218065fda7cf3cc43d5feaa450fcf,1,False
SHP-0028,Shopee Orders,shopee_order_receipt_v1,2025-03-18,CLOSED,pdf,.pdf,1,True,False,,,7f6754365666181e1a95f866b8517af6a5908fd30f2ad0bb0775f7ddb6a20a2a,ccbcce1d226963e7d2ee91990ee9ff9a06b19d70badaab0a7d8f0842d91f63de,1,False
SHP-0029,Shopee Orders,shopee_order_receipt_v1,2025-03-18,CLOSED,pdf,.pdf,1,True,False,,,bc7ffd0adfae134c8874bfe2c8c36abae179b0b4edfb86207fc7d145c85549d2,32b5398b763e49235f2189ac08ff78a885f0de93566f5d1b4c4f3ea9287cfc55,1,False
SHP-0030,Shopee Orders,shopee_order_receipt_v1,2025-03-18,CLOSED,pdf,.pdf,1,True,False,,,ebb8db58ad629ac2c7429b47129b030ae585f6febebd5d415a52fa76364a93c2,7a88019582627c732c4167671c03aeb49ebf93d90c10c482f07a4b744084efed,1,False
SHP-0031,Shopee Orders,shopee_order_receipt_v1,2025-03-18,CLOSED,pdf,.pdf,1,True,False,,,efe622d49cfbb0af0c56f8b01a255154f6886365cdf7a0e33ef7243064fb312b,48e4127307667ab08399991b788e09ac5a80349dbb4265aba2f3c21325077709,1,False
SHP-0032,Shopee Orders,shopee_order_receipt_v1,2025-03-18,CLOSED,pdf,.pdf,1,True,False,,,f6672a82be6284f57cbe118c6f3eacd6ab42cfd6b90a80969959ccaf566b2dca,0efc03a4ee02e420edef5cee242a2321b617d7a00502d82c2441fc2350e9b168,1,False
SHP-0033,Shopee Orders,shopee_order_receipt_v1,2025-03-24,CLOSED,pdf,.pdf,1,True,False,,,1db8b4ef49eddd878eb689a6ba5738153f463c468679da2b058eac5737bdf182,07aeaa3e412a644addebb5521223d8c47967e4a4e3b901c21163df1c299499bc,1,False
SHP-0034,Shopee Orders,shopee_order_receipt_v1,2025-03-24,CLOSED,pdf,.pdf,1,True,False,,,4ff89c09e203a6e74ba5c1b2e9e78829c116300912d487f6610c5a85d403d21b,3ef26696027d38489cad91ff23888d330afb4a131572a6162e49ca3eb4f3d64c,1,False
SHP-0035,Shopee Orders,shopee_order_receipt_v1,2025-03-24,CLOSED,pdf,.pdf,1,True,False,,,df5c73182daa9948cdfdedac01ef93017f8b353b9a4a4c99e96058b27f60a571,43be1a14bdf43da6e2aae8a6c8ce409ff45f248004cd6b52e19be56459867c6a,1,False
SHP-0036,Shopee Orders,shopee_order_receipt_v1,2025-03-25,CLOSED,pdf,.pdf,1,True,False,,,08ea3afac7e2996bbadd51b039be5909ae0966fe68544fc822b9f976c8cfa52c,9e90e9c5ac93c16e09447cce9a7d215bff304daf7c4d76b76288260c2d48d1c6,1,False
SHP-0037,Shopee Orders,shopee_order_receipt_v1,2025-03-25,CLOSED,pdf,.pdf,1,True,False,,,8954d6d1a5f640ec7b7d3e81e83e15529f00fe17d31a54d0ae5b69a7f25a5be7,bd339cb9ba731258f562e7e5eb6a767b3fc3a57dac294226c3b8584dec0e61dd,1,False
SHP-0038,Shopee Orders,shopee_order_receipt_v1,2025-04-04,CLOSED,pdf,.pdf,1,True,False,,,45d50d6c9f01be081fbddbd9a8007ad7d178a71d4a69925cfb986dfd127faa13,ca55a789ca91cf590fddac2db9816541b1574f92823ffc3e74670928154c3387,1,False
SHP-0039,Shopee Orders,shopee_order_receipt_v1,2025-04-04,CLOSED,pdf,.pdf,1,True,False,,,657f29b9b90304e517425710e9469fcf1aa370af1ccfba19eb90d47dd966697e,b744ae01c5769cc97c6f6444ab05a9ff8437afb8038611dc54c3d04faf524fa9,1,False
SHP-0040,Shopee Orders,shopee_order_receipt_v1,2025-04-04,CLOSED,pdf,.pdf,1,True,False,,,6c76b44ed6fa8f3b9be68d8362d3026df446e7b2a10ca0f715706f04d3911589,84404d25cd913df6cdfc055ca7f3cfb29dc1de6bec061bebc7f0205d1bc0acc9,1,False
SHP-0041,Shopee Orders,shopee_order_receipt_v1,2025-04-04,CLOSED,pdf,.pdf,1,True,False,,,815e70542513bfbf17e6531d290659178843debc0956c675fede63700c1203d2,17af9cfbeecbea68a79cd2f937bd16b528b76d1f2fd2fd2a9f966c5ea2fbac1b,1,False
SHP-0042,Shopee Orders,shopee_order_receipt_v1,2025-04-07,CLOSED,pdf,.pdf,1,True,False,,,78a46172f9e3c37c98714488cec84b35cd32fcfe85947098602228cbd4452748,b7f5d36792c5e2462d51c2a249801381e9cce1b71ad2bf763574f14677921715,1,False
SHP-0043,Shopee Orders,shopee_order_receipt_v1,2025-04-07,CLOSED,pdf,.pdf,1,True,False,,,7fe5cde331abc7c1200eb03a96937686910388f44895df0d72e53d89795a61eb,0aa8be429d2fed15f4db0a48d473f0f1d82cd8c8f2c43400289698f229390efd,1,False
SHP-0044,Shopee Orders,shopee_order_receipt_v1,2025-04-12,CLOSED,pdf,.pdf,1,True,False,,,ffde1fada964e27670a9f3eab1cb22ad81963343e11df8a0fe99f27ba90f06c4,e2e2154716d6eb7ec49d567055e0e426a5c2516b0928dcf7799365b33ba4b92c,1,False
SHP-0045,Shopee Orders,shopee_order_receipt_v1,2025-04-19,CLOSED,pdf,.pdf,1,True,False,,,26694709a581160026329fa23c36f1e8caa036ec36fa6077954ce486900dbcb5,1c1780c2b24903c37a29ac847d079d850541a467b7f763ac0f45952e4a835f22,1,False
SHP-0046,Shopee Orders,shopee_order_receipt_v1,2025-04-23,CLOSED,pdf,.pdf,1,True,False,,,4dbcb9f9013b49596dc7b77fdc8130455a1409b2ac02e3495d43e297cdccd545,7f43ca743663e19f3b437a337751aeebd2671540316ecd7fe3ca7a6146ce4a33,1,False
SHP-0047,Shopee Orders,shopee_order_receipt_v1,2025-04-29,CLOSED,pdf,.pdf,1,True,False,,,7f45c1dfdd00c77bc31b95fe98bbc898f2436308704c0838d04d8445aed63ec8,1504731db87cdb39453ae7e7a9d3a075dd3b19b0cd2ae93e1d377007e8aedad9,1,False
SHP-0048,Shopee Orders,shopee_order_receipt_v1,2025-04-29,CLOSED,pdf,.pdf,1,True,False,,,b97a9c4d22d1d965cefae955801f2ddb43150a58cb6ffaa7296ee29030195b9a,6767ac5956413ead29c46f5d43523d2c156e8631d7346657f590cbb95d167e61,1,False
SHP-0049,Shopee Orders,shopee_order_receipt_v1,2025-04-29,CLOSED,pdf,.pdf,1,True,False,,,d50148ae9947272cec992a64bfba8b674ffaf056ca3c64a67bef548cc7a70122,d308558720d93d6cca80cc22407229747951b8962bc0cfa6e7caf0052db1fadc,1,False
SHP-0050,Shopee Orders,shopee_order_receipt_v1,2025-06-06,CLOSED,pdf,.pdf,1,True,False,,,d01949322bd031430bbe3d92b4b05637659b49aa6b63ad781bf8f6886bb9cc79,9c284f57ddc74e6add3d959719909f93832b11036da0d286af313bc3ea42dba1,1,False
SHP-0051,Shopee Orders,shopee_order_receipt_v1,2025-06-08,CLOSED,pdf,.pdf,1,True,False,,,9c98f368fe3b5a593bbe2c097a495968e82b78bc87fe9b20d68002ba5e7caf2d,572ab3f98c731742a4a9bd5819f0f9183111eae8294925f72334ef3b5fe25430,1,False
SHP-0052,Shopee Orders,shopee_order_receipt_v1,2025-06-26,CLOSED,pdf,.pdf,1,True,False,,,e0171ab1e94b16fe8c7b5172871d9a903d7707efde4d31c6e1296494a4ce8854,8256d2d03a7be5d6afc58532df0cccb0700b28e8e7828562af06ce73417d1e3a,1,False
SHP-0053,Shopee Orders,shopee_order_receipt_v1,2025-07-02,CLOSED,pdf,.pdf,1,True,False,,,6e52d20993018804992a1369e281a967e825969646222f503b1b4b0d72bc5092,59d52ec87899679ccc3ffdb02901cb930adabd02f5e64301112706febb96ef23,1,False
SHP-0054,Shopee Orders,shopee_order_receipt_v1,2025-07-16,CLOSED,pdf,.pdf,1,True,False,,,92608dd5762c14f5e59f9023454f25a3f0baca60b5d5988b4e5674ca0cb801b5,82118b1bc17a54d2ff9c4bdac62742b7a5a747d8db272ae765e1a5869d7a898c,1,False
SHP-0055,Shopee Orders,shopee_order_receipt_v1,2025-08-16,CLOSED,pdf,.pdf,1,True,False,,,1312039b5fe2e28a156da231b360efe14c90f3d0a49e7b84a884e193c199302e,c89b03b168730d1c5e3be2ff8b28ad4efd1adcafb1bd75574e5307620e168f63,1,False
SHP-0056,Shopee Orders,shopee_order_receipt_v1,2025-08-30,CLOSED,pdf,.pdf,1,True,False,,,535d759a24d3d3183d0e55ac96b64f21a4956122d183e628c69faa8be630318c,609a9a565ff9ba04eb23b44c9940c54adf9a0e3625aa2a4acc0bf4d0e61bf3b7,1,False
SHP-0057,Shopee Orders,shopee_order_receipt_v1,2025-09-01,CLOSED,pdf,.pdf,1,True,False,,,297a0bda0fc998f559d46752dac6316190b145dfb045c8f08b354e71902161ed,720a666236ea5c549909ba360f93d62cf205c025f341749a5865679cea11ec81,1,False
SHP-0058,Shopee Orders,shopee_order_receipt_v1,2025-09-01,CLOSED,pdf,.pdf,1,True,False,,,3823713c72f83970d068fc60c300c7d176db4b963f4aa4f664ee3317110832aa,42df812a1cc0d35d4ec2ea32f8c77e08e9d12047fafce5b051bc63b17abe9d1d,1,False
SHP-0059,Shopee Orders,shopee_order_receipt_v1,2025-09-01,CLOSED,pdf,.pdf,2,True,False,,,81026748307d51edcab9db07b90673d2380ef3bd166e00718ee11a72b0b7e202,32775b4b8c217818d78bc1f7d1335c7c8f830e40120be3965238c9cb93f54a52,1,False
SHP-0060,Shopee Orders,shopee_order_receipt_v1,2025-09-01,CLOSED,pdf,.pdf,1,True,False,,,90d3f318dd0d23ea4d7f752013bba5fbf29ebc22980be3fb0190c6a7330d6448,6f514b371726e2a3dcac3739588cee9e0b947f8d67d95d516eb0acd315c219be,1,False
SHP-0061,Shopee Orders,shopee_order_receipt_v1,2025-09-01,CLOSED,pdf,.pdf,1,True,False,,,a97e0f8ffef7e8e0dc55341ac31b63c5ba522124463bf9c247493ad91a768f2b,f99e830c93425f4fea5b1480d7fcfb69d4e455fd66852ac2ebdbd6691c75da1b,1,False
SHP-0062,Shopee Orders,shopee_order_receipt_v1,2025-09-01,CLOSED,pdf,.pdf,1,True,False,,,b4d2e253daa134abc2ba915be7e4c51cfc68368e7d57cf1a41cdf94653195cf9,159fc33fa3c0feaa0d94289ed9389c86f9eb2847714b0df302d80f60a603573b,1,False
SHP-0063,Shopee Orders,shopee_order_receipt_v1,2025-09-01,CLOSED,pdf,.pdf,1,True,False,,,eeaf4e2bfb575886db5f5aed4f8262862888ed1454d9b89ea197d842a99f82a8,6bf4acc28946a819fcfddf396a3b924876470e9eae96bdd1bf19808ceb23f312,1,False
SHP-0064,Shopee Orders,shopee_order_receipt_v1,2025-09-02,CLOSED,pdf,.pdf,1,True,False,,,7bee7d24443d65d69649a6e96b6e720e07a2ced0734d72f2806c42897335291d,606fb023d0b13912f2ab354badecf0d36459d202e64c75f5a4d13f24af2c732c,3,False
SHP-0065,Shopee Orders,shopee_order_receipt_v1,2025-09-02,CLOSED,pdf,.pdf,1,True,False,,,7ce188f65218ca3ba93c6eb70a7d8782b3d119325388143d5979518a81cc4515,42dc57e82748c56a7d372cdd35c15111bc7b3666375b6a1296829f07646b095d,1,False
SHP-0066,Shopee Orders,shopee_order_receipt_v1,2025-09-02,CLOSED,pdf,.pdf,1,True,False,,,c79c9e9262d410068a97ac33ee7eb08719218006a019c715d4572476d5cdd128,68f328446c31580160373ccec64639f1bd72d90db7cef110a05f95549736790f,1,False
SHP-0067,Shopee Orders,shopee_order_receipt_v1,2025-09-02,CLOSED,pdf,.pdf,1,True,False,,,fc4e3193c682e8903c3acca6555dfcbbc6bdb5b2cb79387e909f7c1ca1660896,f8486cbe607919fa1a3f2dca590817a5f15cc3c182bcb6347ee431bb5cf7263d,1,False
SHP-0068,Shopee Orders,shopee_order_receipt_v1,2025-09-11,CLOSED,pdf,.pdf,1,True,False,,,29d9f5912cc0a5675790676d48fcd1106df5fb4b3cdac4b6eb03b24f5c5a9c83,27186116470c5852c1932be7f34d5f70320ebecb4735492f019c1e6147881ea6,1,False
SHP-0069,Shopee Orders,shopee_order_receipt_v1,2025-09-11,CLOSED,pdf,.pdf,1,True,False,,,aa890c0c5ffc893ccd5b7d8f0297d0f07d92d3c97b644c5308867779be54a799,9fd34b34ba7a43962b78c131c87cda705d336ca6cbd2a900ba31541ce6738865,1,False
SHP-0070,Shopee Orders,shopee_order_receipt_v1,2025-09-16,CLOSED,pdf,.pdf,1,True,False,,,89efc92c8c610edc14fc8f06d98418ecc47d402ee3a387eb7d46f36c7acf449e,dfd621610455a76a2171a1b99a983afbcf70f9fa725f3d2751e2ecb0d883eab7,1,False
SHP-0071,Shopee Orders,shopee_order_receipt_v1,2025-09-16,CLOSED,pdf,.pdf,1,True,False,,,a393289c65a215926133c3c8f0f5da130a1c4a1784a1f8fb39dee34b5ca69b52,562b348e3a05fff03f684f7b03e8e079fb3c622f0d2622dd3bee8632f13d89e9,1,False
SHP-0072,Shopee Orders,shopee_order_receipt_v1,2025-12-13,CLOSED,pdf,.pdf,1,True,False,,,3f9fa388db5c79771e44cc8ad28e98f4af76d0321bad6a330167969d15230fb8,c73baaf8bd84b9ee80693a99bf509757587e476ac61dcbe3806878c1e28d0616,1,False
SHP-0073,Shopee Orders,shopee_order_receipt_v1,2025-12-17,CLOSED,pdf,.pdf,1,True,False,,,01eb4367a1bb3e1158f652231ade1cd41ee3ce184745d21a29dee4bb6af468cc,d160e8d58a42a96517c8787f931ca48363244a4a408403a82edfcb154ce4bfab,1,False
SHP-0074,Shopee Orders,shopee_order_receipt_v1,2025-12-17,CLOSED,pdf,.pdf,1,True,False,,,3c7e7c3fd1d38700d7b4fd3853ac50bcc675da05157bc1395d256eb971bcfab0,9460cbceccb5b1b012e00f7fc567e3d7051c295148ae35496520156856c89d3c,1,False
SHP-0075,Shopee Orders,shopee_order_receipt_v1,2025-12-26,CLOSED,pdf,.pdf,1,True,False,,,73981cbe2399e8f13b6781ae407395363b00c6ccbddfa0e151abd2ca34ec09aa,3717763658bd20e41e22ddcd9cb50b3fde2400186e3376a1012a20cb5f50397e,1,False
SHP-0076,Shopee Orders,shopee_order_receipt_v1,2026-01-14,CLOSED,pdf,.pdf,1,True,False,,,60b5b7a61eb5cbbce4384a0416b5271f3639bbe8dd73b7a6b98a4cc543e0fff9,698a5cedc49ab1044ff21585e9f9af7a52a8a9cb83d8951bbb0f7c47e92c1c07,1,False
SHP-0077,Shopee Orders,shopee_order_receipt_v1,2026-01-20,CLOSED,pdf,.pdf,1,True,False,,,9d887cdd92448da5985bd324e2f4ebbce421ff6bb536296cf603b95f9639c3b1,68505706f8c0c1337e2f15fc1f0cc523aa5438a8427833f2b054ea68b1be08a6,1,False
SHP-0078,Shopee Orders,shopee_order_receipt_v1,2026-01-23,CLOSED,pdf,.pdf,1,True,False,,,e8790a88f9dd6fcad84317938dbb50f006aa74cd2b9004c4950f38d5f0bda294,c1ffc1d5e648044023205e2756727972a8c3ab5f5733b49070d8c787c1399085,1,False
SHP-0079,Shopee Orders,shopee_order_receipt_v1,2026-01-30,CLOSED,pdf,.pdf,1,True,False,,,515be7b8c6312999227e8e6e76e97be7552729164dd8f6980c11f6d1613eb481,9ef404d3ee07aa4c6a59ce858d312ea8170bbac1e01fd4be56e170887846233e,1,False
SHP-0080,Shopee Orders,shopee_order_receipt_v1,2026-03-03,CLOSED,pdf,.pdf,1,True,False,,,5b050ace161239ebc76e88d438433374814b6f3d3bc34eba9209eec4fac30613,c82cccd6f9dc7326a1f2f53527cd3349ded1b16773df74f1c6ea1e960e4df053,1,False
SHP-0081,Shopee Orders,shopee_order_receipt_v1,2026-03-05,CLOSED,pdf,.pdf,1,True,False,,,39c3b9bc7de6008b38d07b7e2b13fbcafb59ae6378079f435fa6b1c789fb3473,3c10ad434d6ad54d230a7f4ef72e34a4511da6ea36b6bf58d2703e379328ec46,1,False
SHP-0082,Shopee Orders,shopee_order_receipt_v1,2026-03-12,CLOSED,pdf,.pdf,1,True,False,,,6f5704ff3fed993c3c9f37f54c014723c4ae5c0af0538af4c6dcbcc5cebec284,2a3719eff948dd10c35972f6c646c7cffad77c09ee4537a2ef852441bb519b52,1,False
SHP-0083,Shopee Orders,shopee_order_receipt_v1,2026-03-28,CLOSED,pdf,.pdf,1,True,False,,,13872597a47a80a9e64c3d2d75908e4088c1235ce1f61663a6a19bb146b1b752,446c5e4a7a98b23da6372c91ef773cfaf12743824c0bcd57050e28604e5e9539,1,False
SHP-0084,Shopee Orders,shopee_order_receipt_v1,2026-03-29,CLOSED,pdf,.pdf,1,True,False,,,9d60040cde840f059adea2c29af88d97ae1ec4653a0a1e487248f32fa4770b28,9d214e9d19085794839a9fc1ea287cfcbbb826e34e54a03ca0e5420ca0045a66,1,False
SHP-0085,Shopee Orders,shopee_order_receipt_v1,2026-04-08,CLOSED,pdf,.pdf,1,True,False,,,678a9baac56cc3f0a8def3dcf8b6d0d66606e4d9af0c09ff973e0e7171e0048a,cd391bdcf518afff85450380966a8b0e1e3ebee6b547a8fc016a8030b051c98b,1,False
SHP-0086,Shopee Orders,shopee_order_receipt_v1,2026-04-08,CLOSED,pdf,.pdf,1,True,False,,,fc627074c4d0085316cd145b4e1d7bd2484f5301f1b383c4c83cba3897af4445,9a06733b767340462b7ae1e52dced045aec9f39d8db878694c47827b5158970e,1,False
SHP-0087,Shopee Orders,shopee_order_receipt_v1,2026-04-09,CLOSED,pdf,.pdf,1,True,False,,,3f0507b69e35ff789f6239d2e0a25b7c137562c5886c5ad56c19228d24df024c,7b1bd4d1e3e648820f4190c9cb04886412761c136416e642b777d3a4283e45a1,1,False
SHP-0088,Shopee Orders,shopee_order_receipt_v1,2026-04-30,CLOSED,pdf,.pdf,1,True,False,,,4e912be4867eeaebe1af2e2dd8546fa67b422bd12a51d97bd8bdbd2340db9968,cd3dae479d2b25899b47dac9589cd25ffb548fbc6f56281d36b687e8f56f018f,1,False
SHP-0089,Shopee Orders,shopee_order_receipt_v1,2026-04-30,CLOSED,pdf,.pdf,1,True,False,,,cfa6e63c684d1bae2a2cbb8a25201c83c1a574fb94ec409b1b7d1352f88faf2e,3ad95b242596ca96d1407e29a170782265b8b37385044d4d679787ea59569ea7,1,False
SHP-0090,Shopee Orders,shopee_order_receipt_v1,2026-05-04,CLOSED,pdf,.pdf,1,True,False,,,40150696bb3c6692552931243966c8dee2f6609e24dff63045089f95e96ea35f,f7ae4d68a476c0abe416befc2aabc528768e2a67ee757cf5bdaa8c643d439bc9,1,False
SHP-0091,Shopee Orders,shopee_order_receipt_v1,2026-05-07,CLOSED,pdf,.pdf,1,True,False,,,6a5b773fa74b4ee5d295e7c959f15c17e0db210be5b3c0369d44f23e41e0e22e,b54064ea8bbb5352269e9a8434df98e33ddc0da2a1aaa719f6250fc3e5bb51b6,1,False
SHP-0092,Shopee Orders,shopee_order_receipt_v1,2026-05-07,CLOSED,pdf,.pdf,1,True,False,,,6fc9b155f66a51072864186d3a58adf18d1b59896a4d058061623edb3de93574,fa1138dc015a04927401da002bfb806833575dd6cfd82087f6a2472a51944534,1,False
SHP-0093,Shopee Orders,shopee_order_receipt_v1,2026-05-08,CLOSED,pdf,.pdf,1,True,False,,,c5bc0e45605f0992634ac4551df90fb2c26ef3bccd34c2abf29f6180577e46df,4873b546d1eeca6e12b28c7f813fdfd48ef7fbafe147a06e5e6ea37177a6a54a,1,False
SHP-0094,Shopee Orders,shopee_order_receipt_v1,2026-05-08,CLOSED,pdf,.pdf,1,True,False,,,d8b82b2af3fd4fe8309f96c31d99e0db5c6f1f4fafd54ab6e7d169f4dc67a484,6500ea83e4ce1c8d9484fda89dc315041c398ce7ca4648676dbb3396f8621022,1,False
SHP-0095,Shopee Orders,shopee_order_receipt_v1,2026-05-11,CLOSED,pdf,.pdf,1,True,False,,,2fa376900653e4a66faf73c284524802fdae465e0092074e4f70d4c605b65fb3,87b8fcfb2f0053fa9f7873a573dcd0bb13006e70d7ca57d176bf3afa296fb7f7,1,False
SHP-0096,Shopee Orders,shopee_order_receipt_v1,2026-05-16,CLOSED,pdf,.pdf,1,True,False,,,71ada2e19a9cde9b795bb07cad4c31cc7a8fbfcc4125d1d3c3a1bf9508e72574,2117bc0a1d5c1ed89fc06bbc1294de91ca32c0652b80abb5f147c39e86eb761f,3,False
SHP-0097,Shopee Orders,shopee_order_receipt_v1,2026-05-16,CLOSED,pdf,.pdf,1,True,False,,,7c0b1e0a4b2e6886d740fd0d02d1422a98b07ec99130861747d6636b59699a7f,f5f8c44a7969c3063539390743b999b8ba31e67a9e8dd56864c3ae9de59959dc,1,False
SHP-0098,Shopee Orders,shopee_order_receipt_v1,2026-06-16,CLOSED,pdf,.pdf,1,True,False,,,9b4e89873e21568f608c669fc65bb9f36d6371bf85d961b82dece262a493cff9,00754d659a47b29689fabb95712dd1f1661ccfb43c8eaf304ac5a4e1f8a80f0e,1,False
SHP-0099,Shopee Orders,shopee_order_receipt_v1,2026-07-19,CLOSED,pdf,.pdf,1,True,False,,,d3f65ec51ea0ef0e5dedacb8f95eb24b372e0ba8d304f5a5997d42601759a06b,bda876a5e105316258b797608f5ace2e0b388a04f3a76f574591b5a3ea4a96c4,1,False
SHP-0100,Shopee Orders,shopee_order_receipt_v1,2026-08-01,OPEN,pdf,.pdf,1,True,False,,,18ad71230e6f55a032262a22d50869786da05b0413ac382a9a76230ee96530d7,d43f31517dadd258960ca82bd901492bd2d322c986b2d5472b6958337a2d519f,1,False
SHP-0101,Shopee Orders,shopee_order_receipt_v1,2026-08-01,OPEN,pdf,.pdf,1,True,False,,,f463d76fae98c3935950c4bd525216d96efc12d701aa8500b79e06d2afb82e00,933d1e0da6f3bd06ac50269cf83343d8b535c031b04fd4b8e9b0c807e945ee2b,1,False
SHP-0102,Shopee Orders,shopee_order_receipt_v1,2026-08-03,OPEN,pdf,.pdf,1,True,False,,,033432774772372831fae42470ed6e2e95fc167e4bcd6663ed1d7647292c89af,0b3d85f191615aecb497e499dec5c2e7f5cf1c316d26420f3d9022e839230d3e,1,False
SHP-0103,Shopee Orders,shopee_order_receipt_v1,2026-08-04,OPEN,pdf,.pdf,1,True,False,,,42f1a4efdc0785197ba20f7321f5a5ef4e04bec984780bc302088a12d1e03a42,7418c47665f78d65dd44d7981892179dd003b9543b19e57017f92f334cfadf70,1,False
SHP-0104,Shopee Orders,shopee_order_receipt_v1,2026-08-08,OPEN,pdf,.pdf,1,True,False,,,9c8092c5a6a3b3be99373f359cd842db0b8f99024ec1fb17ff6f3f436049ca66,dd6f7b2665270b8bbc8bc1e8d80ef5b4264fbf1cd679ec650320c0e4c9806f47,1,False
SHP-0105,Shopee Orders,shopee_order_receipt_v1,2026-08-08,OPEN,pdf,.pdf,1,True,False,,,d38d9558c2fb96dd3a546649ecdad0bf0d55423132ff1131620c6afea2c1b38a,676e3a55c642a184cf37cce081a6a6c7be0fdf9bd6eb5b7ac9d3bc851811ddf4,1,False
SHP-0106,Shopee Orders,shopee_order_receipt_v1,2026-08-11,OPEN,pdf,.pdf,1,True,False,,,d19d6d46e86639ce08d3549be4ed520cd88a442e8436e4aa1692efc9b41aa5d1,dd2d0cfa8c2b84fbe490151707c9219073b2acd49bfe7fb60c56f3ab15168189,1,False
SHP-0107,Shopee Orders,shopee_order_receipt_v1,2026-08-14,OPEN,pdf,.pdf,1,True,False,,,28e1577325e9c59485d7e89f82de8a1d6dca6b33cfd60aa777164f826d94ccf9,9083aa035e7bac5ec707077a1d3dba0e445ca11a641311ad49f4a4d066355e30,1,False
SHP-0108,Shopee Orders,shopee_order_receipt_v1,2026-08-14,OPEN,pdf,.pdf,1,True,False,,,a09c460c513f06d006cb5fc7c1e3cfa8a437baa55b560fda4f174417d8c47cb5,01771812c6bdcae8c5536d06ec2d988bd749a2bc63af5d7d366fa0bab80a2f75,1,False
SHP-0109,Shopee Orders,shopee_order_receipt_v1,2026-08-15,OPEN,pdf,.pdf,1,True,False,,,567605e1b16dc5a51acee8a7bb30793e14cf378068a163a7d52f7a16c4102dc0,05b73c6f711723522000cdb140973b45381ed260d153963ca165a613c7890505,1,False
SHP-0110,Shopee Orders,shopee_order_receipt_v1,2026-08-16,OPEN,pdf,.pdf,1,True,False,,,79ab6a660a941ec7b87fa0ced28d248dbe4ccd69744982f9bd9c6bcf485974ea,0691c18e9e0062e5dcca98063a3e075811f50d3e9c24f61913056511503eb28d,1,False
SHP-0111,Shopee Orders,shopee_order_receipt_v1,2026-08-16,OPEN,pdf,.pdf,1,True,False,,,a5ce95e12c26c37b569a8e5c1de339b9b7dad75cae9fce779f8e6b40720f803e,33bb17527d0dd4da71caf325e21c66a9af7a7487d8474770034c68139fee3a41,1,False
SHP-0112,Shopee Orders,shopee_order_receipt_v1,2026-08-20,OPEN,pdf,.pdf,1,True,False,,,6df49aeebbcedd75aa098271ed5e5b8c3525ccb149176757f0f8a6334867b234,325866ba73bffc4dd9469c565f460d1eee0a09b34784033bc3940fa4eee70aeb,1,False
SPP-0001,ShopeePay,shopeepay_history_screenshot_v1,2025-08,CLOSED,image,.jpg,,False,,1220,12723,6c6ade67300851db6bcdcf4638774371d10538e4843e796f16a22f949876c3a8,bc5922745a3c1f99ac08da3daa4e3fe8c558361c52feddb19507514bc8b067f8,1,False
SPP-0002,ShopeePay,shopeepay_history_screenshot_v1,2025-09,CLOSED,image,.jpg,,False,,1220,13017,f158bee162c32fb41217f5d932cb84d57240c0ca124e14b235d04948a1c38563,72884f6bd0cfe57e3883dc0d5efeaf7362c5c5055f75f31f1a5de0bbff518d43,1,False
SPP-0003,ShopeePay,shopeepay_history_screenshot_v1,2025-10,CLOSED,image,.jpg,,False,,1220,3689,12bdc44e449e8b3930777fe8297eb43959759d5d140310e4c6fe796539946725,4388c2f3b5c104f6f734f4d8e713cb1cd8aad778250599381c4a95ef5d88aa6a,1,False
SPP-0004,ShopeePay,shopeepay_history_screenshot_v1,2025-11,CLOSED,image,.jpg,,False,,1220,3998,2a9cc896b371317f5d0c958e9914bb4ae3a96ac3324a7bd2eeda8c052074cfbe,d5122f9dfe4f1c859f50f98e3609d0c5a826b4971760051244c3e4c25faec430,1,False
SPP-0005,ShopeePay,shopeepay_history_screenshot_v1,2025-12,CLOSED,image,.jpg,,False,,1220,5784,0e8afdbf880ea44e65614224334a714318d9927e829e2c590dd136b70a4ede07,135cd90a6c7dbe3246f1de3d05bb1bfbe2423f63f9d55d6d69f8b84e4e1f6a4c,1,False
SPP-0006,ShopeePay,shopeepay_history_screenshot_v1,2026-01,CLOSED,image,.jpg,,False,,209,1280,d2b14dd7cbff48c5af3837e774debf9fe540f183e217300e5dc3cf0f2fb45421,f8810c3220fee9646857c5d95c3e84c67e72feb522abb3cafdef8f9c491458a1,1,False
SPP-0007,ShopeePay,shopeepay_history_screenshot_v1,2026-02,CLOSED,image,.jpeg,,False,,305,1036,40f03b6b5c8da889f29b5460a6bac45714b3abc45672b2db4800bb872b8e55d7,0bd3e63d3ddef5a4b86f24574675a9ed7f4987a9547f675e38bee2f0907912cb,1,False
SPP-0008,ShopeePay,shopeepay_history_screenshot_v1,2026-03,CLOSED,image,.jpg,,False,,153,1082,ccc8f6ed76e038df384280713556bc43ad1a42ac6895f44e05a3a3fecd26d7cc,04881b433c9fadc3bd7b4dcfc9ea72ce90c6463f169df39181ab484ab7ee6099,1,False
SPP-0009,ShopeePay,shopeepay_history_screenshot_v1,2026-04,CLOSED,image,.jpg,,False,,145,1280,d33557a3c4c1ebc93ecf3abdfb1cb3bdfe6b29b29ca76d50f8c56fcf6727a9ea,fd7962068d051d10730a4beb855356b9e36c7a1b01c66225bc395d3687906c58,1,False
SPP-0010,ShopeePay,shopeepay_history_screenshot_v1,2026-05,CLOSED,image,.jpg,,False,,149,1280,702a913a9290279ea068d921f447d9575c415023e7fe87bfb53b4145ef3c339e,113adb91a872953c39b20999037e27b16e275af35705d469082146955ade8014,1,False
SPP-0011,ShopeePay,shopeepay_history_screenshot_v1,2026-06,CLOSED,image,.jpg,,False,,274,1280,fe4853f61a31baced18a0fe2718b310e5cf9a2676f544b4665356aa0b8e0d22f,2cd53224393f4ee3ffda8f9616c58519bbfeb78d5adbc7931db5d2032a1ccf35,1,False
SPP-0012,ShopeePay,shopeepay_history_screenshot_v1,2026-07,CLOSED,image,.jpg,,False,,124,1280,feacd6c552217ad32ace3f19283da456158b308af0e1ce09b0f472d03079916c,f6185a28f89d18c45a87ea2a8255cb31eaadf7eb97db8f719cf41eb4f86fa4be,1,False
SPP-0013,ShopeePay,shopeepay_history_screenshot_v1,2026-08,OPEN,image,.jpg,,False,,118,1280,d84fe97316cb5dac5de0e8ca01cb1028f5fee8b7ba7fca26d5a693ab61a79721,b16ad32cecd6788c2de3fd26877a6c80fda944bdd6d77904a050ee49fa4bc764,1,False
STK-0001,Stockbit,stockbit_soa_v1,2025-10,CLOSED,pdf,.pdf,3,True,False,,,649017e28bb6acd2eb2a217e01575a3ca375d3e386a801247c20ee7d3fcb7f9c,e67822b2f7792b204c3087a4a850692742e625b570b7a6fade1faaa4f40e9e64,0,False
STK-0002,Stockbit,stockbit_soa_v1,2025-11,CLOSED,pdf,.pdf,4,True,False,,,ef422b6f4e9b4a44044cf4c0929eeb233685698e970b8fc092fbf599e359f00a,016e5a0bdb96af53ee789d7d0cbb961b5cd1553a1368f3005226e200545c861e,0,False
STK-0003,Stockbit,stockbit_soa_v1,2025-12,CLOSED,pdf,.pdf,2,True,False,,,fd0b11be885fae4e13433bfbb333859a5beefd0a02731d1109f685292ae9eca4,c99ed07e768ba85713a086b199196244f79ec4ac4f7abbfe7b4230b28c690ce0,0,False
STK-0004,Stockbit,stockbit_soa_v1,2026-01,CLOSED,pdf,.pdf,3,True,False,,,e0aee6e79f6211104a86e35b0e17d15c3f8e4937c423eb4e6d3a235eff472145,197307d4226a855802a0fb56d698e2603d3e816c3100705a43baf90f6eac9f2e,0,False
STK-0005,Stockbit,stockbit_soa_v1,2026-02,CLOSED,pdf,.pdf,3,True,False,,,40534f641780ed71d08296cdb8c37c5d30bb07a5f4bfef556e1d9943aa59e645,5ea1f7d8fecd85abd121ca8f0d7d0e3b83ce6778fa52e5402b4687fb9a0b0fc3,0,False
STK-0006,Stockbit,stockbit_soa_v1,2026-03,CLOSED,pdf,.pdf,3,True,False,,,efdfe3ae6721a42677ca8bbe60113832e12d6431e82e2d1c4e2239e1c67a383a,72c3c75a3af433a0ff97cf1d221faba73063de5b2d9fb4405fef1dbd6b069cfb,0,False
STK-0007,Stockbit,stockbit_soa_v1,2026-04,CLOSED,pdf,.pdf,2,True,False,,,04ec0ef9614edf09f940c9381d6987f98a5ca490ec203ee28c1b9f02a8c275af,9e1962908acceef38bbdd632beb1bd3578e19fce32610b51233a9bdad4374ab4,0,False
STK-0008,Stockbit,stockbit_soa_v1,2026-05,CLOSED,pdf,.pdf,2,True,False,,,ab63eb1eb65706245f52e59e46a973bba3693aa78c07b64c92484afd774cf2da,9fd9cc6d7266b3127d186c3c691506731cde66fec2a11d213e8c87ab88728d1b,0,False
STK-0009,Stockbit,stockbit_soa_v1,2026-06,CLOSED,pdf,.pdf,2,True,False,,,db813eec68cdc2447ceb9f7dc00f996222b7160ff4eb493f36420473463aa1f6,9d9fbb07f36888b438bc0a6495bbdf12384e8df26f0f9d7aed467252b4659293,0,False
STK-0010,Stockbit,stockbit_soa_v1,2026-07,CLOSED,pdf,.pdf,1,True,False,,,aea7276e7bf424cfc565d4e0a365d4a089ed1498dd4d8aeaaaebb8538ede8dd2,642f4f66e98fb37c6f6b707c9333234ff0dbbb9f890741a58d0994edc8db9f5d,0,False
BLU-0001,blu,blu_account_mutation_v1,2024-08,CLOSED,pdf,.pdf,2,True,False,,,807dc6b34ded3e80de84f19228f228aef82025531cc19f3c44606a24610e567e,50384b3527fd4a4508cae08a4ecb95545771ae864d0ce67a736830c0c00d5162,0,False
BLU-0002,blu,blu_account_mutation_v1,2024-09,CLOSED,pdf,.pdf,2,True,False,,,4d14561cbb5fca61345e634306cb94745d3957e0e4237291f0aac360a9610ff5,f135dc01e16dbe2926498bf6d5924f6a483040a2b79db986264c7310d50e504d,0,False
BLU-0003,blu,blu_account_mutation_v1,2024-10,CLOSED,pdf,.pdf,3,True,False,,,81e7c227ac1f90b60e725d73b45bb0bdf571a61b69f4802ed1f5091fe180feac,ef15cc90574530c20913308b65085ed8c94da8b6d0664bd8b87afa4c78c6576e,0,False
BLU-0004,blu,blu_account_mutation_v1,2024-11,CLOSED,pdf,.pdf,3,True,False,,,f6982ca6b6e596a90202d45cbe78f0821c328899b47540b0195faa6f6bca2bd4,8886d050a931c6b7a2abdcd9a65ce1db5917ba2a5329560e883e6759bf5109e6,0,False
BLU-0005,blu,blu_account_mutation_v1,2024-12,CLOSED,pdf,.pdf,3,True,False,,,c64a86c058d2993e8cffe95dda67d50dc073725d0ba573c62b87deb90526825c,2b2e0f47d85feb210680d6c8feb90ef6234d93c7dffd2ffd31685094ea18bce7,0,False
BLU-0006,blu,blu_account_mutation_v1,2025-01,CLOSED,pdf,.pdf,2,True,False,,,10e7064f9f3ba6f7395aee1c878fa1ce813dfe5b815af9d99bcdf97c5982b945,668447b0eadf58397677040a54f83aa2392ea4393f4b4ce9edcea9bde8a9e650,0,False
BLU-0007,blu,blu_account_mutation_v1,2025-02,CLOSED,pdf,.pdf,1,True,False,,,030f56d468724978bc22ca39359b256c7697c86327674c97db7fe1e8ed329adf,879e42dbb670befddba9d8a472cf0ca799ca43a20baf5f501a1e540a2228db15,0,False
BLU-0008,blu,blu_account_mutation_v1,2025-03,CLOSED,pdf,.pdf,2,True,False,,,64c400e69ef58549117e70cba927a9ef37a4540f01236f100a96b1bb74cb2588,40e1b079f74822ba8a1985be2895d4defea8ff36b879a6d614b5e64300bcd128,0,False
BLU-0009,blu,blu_account_mutation_v1,2025-04,CLOSED,pdf,.pdf,3,True,False,,,5ee942f80c395dc8550a50fe0e45db28aebf58b0ca9a98db4d19a3461f90ad81,91cdf29f1790bcd52f1137ee340ab7f1795ec692f3bc85e086fd5315fadc5720,0,False
BLU-0010,blu,blu_account_mutation_v1,2025-05,CLOSED,pdf,.pdf,2,True,False,,,a5cc577e5bd08abe969a34956cb4bd90e602e0e59e4f9ba8552b2e65aa8bc314,bc270e6a73cd658f66fe09aec3b10d8860ad6d45e1aa3b1262cb6d42104d9b3c,0,False
BLU-0011,blu,blu_account_mutation_v1,2025-06,CLOSED,pdf,.pdf,2,True,False,,,df55172834a440126d11bdc8d987fd91abfa0e1de36bd1a1538075b276096529,b8edd9cceaa61cf7d2776d605368e5956dd058c655581cbcb552adba781489d6,0,False
BLU-0012,blu,blu_account_mutation_v1,2025-07,CLOSED,pdf,.pdf,3,True,False,,,2750b2c68f46c2b672f72774d34087f04e5ef76c0093f6f9a351cde5993fe2e5,55d1f04e93e0254cd11d421c771d758c401cc352433c3e8322d8b18f1a12e70b,0,False
BLU-0013,blu,blu_account_mutation_v1,2025-08,CLOSED,pdf,.pdf,3,True,False,,,af9950b99a37794b3df618054d8576ce9c89720d827f5c15a6c2532c07188b34,13db8435e110fb6274431b2786bf06e4245471be968465949b8da2ca399bf12c,0,False
BLU-0014,blu,blu_account_mutation_v1,2025-09,CLOSED,pdf,.pdf,1,True,False,,,61942d7b896cf2915a19f85e698b0b7f5fd01fe7e53d67c4f6ba6dfb4e335f58,a39fb489620d953140b8e8a8c317a3140001dbb235fe6b4bb5dd9ca38473d1e6,0,False
BLU-0015,blu,blu_account_mutation_v1,2025-10,CLOSED,pdf,.pdf,1,True,False,,,6b3900a4addfd66a32c4d3fb68619aca6d637aab666c1e3da963a7c1308864da,8efa906eb6d25aed702f34d170db0fc9cf39be9a6a0ce022bee25e5b2aa39a1a,0,False
BLU-0016,blu,blu_account_mutation_v1,2025-11,CLOSED,pdf,.pdf,1,True,False,,,e3ea1a16ca0017cd39b50a2119eded8e98ff2d382d87042557796cbdd351fcda,a58d45f533fedb2e8dacaf8a11e7f140912137fd57aeb858d00c030d9b9ad5e2,0,False
BLU-0017,blu,blu_account_mutation_v1,2025-12,CLOSED,pdf,.pdf,1,True,False,,,360694425607f9cd55b1106fe14b27933af7c2cd358e6f70c765fa247a75842c,37dc4cc2d2733bb6b37f09f6ec5c04586c0a65696fbea4d05340cd708f8d4f5a,0,False
BLU-0018,blu,blu_account_mutation_v1,2026-01,CLOSED,pdf,.pdf,2,True,False,,,3be49ff7eec62b5964e5c48bb6dceafc5990e2b9a76e49a1e1979cd69c90e977,b37210ed8468a5957665cfc2587ee0cb890fb39fde41b8ec3a7e907f9e796b1f,0,False
BLU-0019,blu,blu_account_mutation_v1,2026-02,CLOSED,pdf,.pdf,1,True,False,,,133fea8364e4c89657e0a79bcccd17b3bb10a893f9a0977ab47d379144e0fe02,7273c6e6dd3077cc0103212f01d74ee77d9caa5f2989782864dd51f3b82f86f0,0,False
BLU-0020,blu,blu_account_mutation_v1,2026-03,CLOSED,pdf,.pdf,1,True,False,,,291580c689fc2f172a314f244a76b0186f144895b3c93f3bad2d6e97f0ba8a92,42d310bb0161d5666ce37fa5e3dba6c7bab443f314c5f377db7969b1e45eac22,0,False
BLU-0021,blu,blu_account_mutation_v1,2026-04,CLOSED,pdf,.pdf,1,True,False,,,7bbb46b705754932024fa3d90e5b69b8799ffc4d0a3f086597c42c885845fee7,ce75c8f16d0eb44e1c02f17096d69ee3f5953b1a8b8a0bcc9b3309bb43fa4e66,0,False
BLU-0022,blu,blu_account_mutation_v1,2026-05,CLOSED,pdf,.pdf,1,True,False,,,9bef358ae759175f742daa7f7e1c548070c44561e34ce4d618e8fa604ed7a3b5,1c2fb7276cf845d4ed1d0ab96c706c9903b2be0e2fc9aa4199fa77a6a5b67e17,0,False
BLU-0023,blu,blu_account_mutation_v1,2026-06,CLOSED,pdf,.pdf,1,True,False,,,1ec3415e0ddd82db974912ebb9222d07eec5549faea36eefea81053a307b9691,299f965db4a3e9caea55b8632996fd96fa904ee3dafb2fe95ae575cd117f4c40,0,False
BLU-0024,blu,blu_account_mutation_v1,2026-07,CLOSED,pdf,.pdf,1,True,False,,,363fc1225093f65db9446464db7d365d988dd4443de005b3485977daa513d0a3,c1c0d2e5f72a76e20f172539b65af5693716d1716a6d1c55555168dcb7d52bec,0,False
BLU-0025,blu,blu_account_mutation_v1,2026-08,OPEN,pdf,.pdf,1,True,False,,,449521cc4088639c505a3a2f75ada51ba1f90fc5c263da91fec07aa980e43861,4732bbf080be5fe87e69d6fe3654138c6c690d4d403203b4669a5a800cd99e54,0,False
BLU-0026,blu,blu_portfolio_v1,2024-08,CLOSED,pdf,.pdf,1,True,False,,,631012908e62b146d48f5cabb419e9f76c59e13cdd37d160ba53e6f8971c097c,c274621b60f7018a30a5524bd9a72d407a17b3059401087570fb3ab67378f4f8,0,False
BLU-0027,blu,blu_portfolio_v1,2024-09,CLOSED,pdf,.pdf,1,True,False,,,3494a25eb2090926368abbf8eb285e9abc6d7780df6a361d1b9f33b5cb7fac85,0382c1071072ae1db17a19a344ffb9c78d739b451062af2629035157d33110f5,0,False
BLU-0028,blu,blu_portfolio_v1,2024-10,CLOSED,pdf,.pdf,1,True,False,,,17c6ab17d5784e7d84a04558b0aee384d17a2af0ac359fb67b6234e3fbaa3069,43dfe29b757e3b34afef402fb3e6239d3730911ba3b9d11f0b0303182b0ee886,0,False
BLU-0029,blu,blu_portfolio_v1,2024-11,CLOSED,pdf,.pdf,1,True,False,,,5f1ffaec9f18bf723e770d5ed2554b50f2832309695c669aa62cda303bd0fa31,c7bcfe92843e1b22acff80dee8ed93e99b9d1f15ddfddd29559ab08f5498f051,0,False
BLU-0030,blu,blu_portfolio_v1,2024-12,CLOSED,pdf,.pdf,1,True,False,,,1608e6697a2d203a82adfcc584a0454d2616a9b91d85bfac656322ce61d90123,2caa1162b379d6845df63aa97b7ed22f796f2e334ce711f27892e646db8f8b75,0,False
BLU-0031,blu,blu_portfolio_v1,2025-01,CLOSED,pdf,.pdf,1,True,False,,,32d3b79593210044b5d5e099083294f5c3b80e2ccef087ff5dbd02492022c2a8,a18fafb634649d547877b58090d073f408990485e22cb3735a1fd0ba6f17ddec,0,False
BLU-0032,blu,blu_portfolio_v1,2025-02,CLOSED,pdf,.pdf,1,True,False,,,1598202b6f15108cb9e9f5d0f04b642015ab7f15aced764c0975dab91a6ebb44,fdc3f0b340cd37c483497c2d71fd4b3d32c3c6e6b718bc0f5f9930c47a62da3c,0,False
BLU-0033,blu,blu_portfolio_v1,2025-03,CLOSED,pdf,.pdf,1,True,False,,,ec82132581cd8e14854e664e8e114dd876f37bc1570392eef85d5de91c3dce47,2ee5672b914b9cd08a00bac47920153007b460b6a6512d97d1c79a2f49e85bc0,0,False
BLU-0034,blu,blu_portfolio_v1,2025-04,CLOSED,pdf,.pdf,1,True,False,,,fd8cff0902e0de7c9ce366185e4e586d0ed5902f1a2cc8a28365fd862f1595dc,9a39eae1ade996fe31542a5cbdafd55d0a17f1ef837a840ccd8b3c935d9d1061,0,False
BLU-0035,blu,blu_portfolio_v1,2025-05,CLOSED,pdf,.pdf,1,True,False,,,14b30599fa8805eb7049d12c8eb77fa1b54696d47efb0b86b200e44b4b88ad06,aa71c16b30f56742a2b157f1f198e8a1b4fa5e9c4e5854735921c7ce41fcd813,0,False
BLU-0036,blu,blu_portfolio_v1,2025-06,CLOSED,pdf,.pdf,1,True,False,,,a4cccef3f9b2f21f13ad79900d11d292280b0956fdc8a79b32d9c3933e9cf490,6c0f5a752e0f5b810cab55119890ff146d12259f257119b40d545406c411e34d,0,False
BLU-0037,blu,blu_portfolio_v1,2025-07,CLOSED,pdf,.pdf,1,True,False,,,5a737d0fd90c29cd7eb6472feb21dc5b8b04ece8a16be9a18277e912a529889c,34cca1f94392c0d2d21757712dcb984a2da29550fc85f815f7317afc92f52085,0,False
BLU-0038,blu,blu_portfolio_v1,2025-08,CLOSED,pdf,.pdf,1,True,False,,,1b1a0a5a28644c944bbef72e05e8491332cad8b741b8efcddf9ad099e3686850,883bc58fc9ad0dcfdc6edac415b33a53a54b6f9807f6a4a658b8f4cc7cdc1566,0,False
BLU-0039,blu,blu_portfolio_v1,2025-09,CLOSED,pdf,.pdf,1,True,False,,,17a92a335d8ed0167bcddd449fce5ee8cb6ce993b3b5ecbcc38e541e99115160,9378ca35c9f25d3e7f8bceec88cef26699111402fc869d08f9945a9049c704ce,1,False
BLU-0040,blu,blu_portfolio_v1,2025-10,CLOSED,pdf,.pdf,1,True,False,,,47abcbbce933d16172544fd743c6ca6e38ddaf3e42f0058ac126006b92b22d55,ad30cc66333d349d595df95c26bab467778c7a1182ccfccac4b548af79438095,0,False
BLU-0041,blu,blu_portfolio_v1,2025-11,CLOSED,pdf,.pdf,1,True,False,,,e290582ed875c2ae636adb53b5d8339d13bce898feb367c8eba39602eb24c55b,758a3b495eef6bc3241f1340147d93e1141953e1890c64c59297cf22197820f0,0,False
BLU-0042,blu,blu_portfolio_v1,2025-12,CLOSED,pdf,.pdf,1,True,False,,,e73e545cdb891821193639e498d67081baab8c0a01ab6d5a63338533d82e824e,dbc04bed55098bf098bf0fc066f6f3ba83130e5d3bf69b7e7fe6b7636c1c99d8,0,False
BLU-0043,blu,blu_portfolio_v1,2026-01,CLOSED,pdf,.pdf,1,True,False,,,24f43cfe13a9d554dc076bc44c67703525a5d7a404cfa17df908bd1caf74dc73,03e5e92c4d10fa92ea6f1e9149bf285be2a410af211b405b7db4f43a0ff35b09,0,False
BLU-0044,blu,blu_portfolio_v1,2026-02,CLOSED,pdf,.pdf,1,True,False,,,9f984363d321025332b11054874ebcc31c9c930ea6f05fa7bb6ebc0b0c39b4bd,33de7c5754c59ef45247d4d4ee83687a40d6bf420adaf4924f140ce09585135b,0,False
BLU-0045,blu,blu_portfolio_v1,2026-03,CLOSED,pdf,.pdf,1,True,False,,,9b2f8493343406d472394bf7626136f9d4fb443842bbd5d4bcb337553cc1518a,e5493078d7592a37b78f7aaca55d5b3239ac450bfb66f716b74b1531adb1ee76,0,False
BLU-0046,blu,blu_portfolio_v1,2026-04,CLOSED,pdf,.pdf,1,True,False,,,67071e85af998767b6ff09df85ded03a34f2fd3acfb70a2844a103fd1432db83,80d8a51324b7d48accfe31d09146b9fe4dd528653653806fe1e46bc201ee1ea4,0,False
BLU-0047,blu,blu_portfolio_v1,2026-05,CLOSED,pdf,.pdf,1,True,False,,,017e2a1d40fcc29ad25148ef1a7ed70542fbb03ed12c560293c241abc79ab155,a3b3e49d0ed52e81163aca873b2ef294ad859e08711a0d699f71a2bdd5b70739,0,False
BLU-0048,blu,blu_portfolio_v1,2026-06,CLOSED,pdf,.pdf,1,True,False,,,baebc421166c90daecd7b7ea81be7ad300cd417a2d3e152806d8d5eace333658,31f1ae8c4584805a559d5b833527b139ce4a99d184ee38210e5b734bf9a22b9a,0,False
BLU-0049,blu,blu_portfolio_v1,2026-07,CLOSED,pdf,.pdf,1,True,False,,,c5e1616a8972c4a292915ca3e797f63055aaeb97cef7347f5928cd3145569f32,3fe04cdc537f641c6af24c49d3bbc4ec854674c610a29733e86c61299fc59ebf,0,False
BLU-0050,blu,blu_portfolio_v1,2026-08,OPEN,pdf,.pdf,1,True,False,,,ae3d6a210a696d134e7b80828817c8649100a0dcfa86284260eeee9ebc1232f2,7b064d95f5e980d1453a91ff3948f9aa1220ec755b28d23e18a8ad912ae24d30,0,False
